id,created_at,lang,text,clean_text,author_hash,non-offensive,offensive,cluster
1982526147708768646,2025-10-26 19:14:01+00:00,en,@C_3C_3 So many celeb D-bags need to be unemployed by AI.,So many celeb D-bags need to be unemployed by AI.,a_022081,0.6127570867538452,0.3872429430484772,3
1982526147633312003,2025-10-26 19:14:01+00:00,en,"@niftytoast3110 @tongortongor @IsThisA3DModel Will ai never be able to capture meaning and depth in art? Yes
Does that mean its not able to create it? No",Will ai never be able to capture meaning and depth in art? Yes Does that mean its not able to create it? No,a_022465,0.9015580415725708,0.09844202548265457,2
1982526147465261115,2025-10-26 19:14:01+00:00,en,"@landoman107 @micah_erfan Nope. Not a single AI assist. I understand that your sever limitations could lead you to that conclusion. After all, you can't write for sh!t and you have a hard time understanding the written word. Believe it or not, unlikely, some folks are actually smart. 

I do wonder though,","Nope. Not a single AI assist. I understand that your sever limitations could lead you to that conclusion. After all, you can't write for sh!t and you have a hard time understanding the written word. Believe it or not, unlikely, some folks are actually smart. I do wonder though,",a_881728,0.40785905718803406,0.5921409726142883,0
1982526145183519140,2025-10-26 19:14:01+00:00,en,Researchers in Singapore are developing a headphone-like device that acts as an #AI companion to help #Blind people navigate the world around them. #AssistiveTechnology https://t.co/lmfkdlMjiq,Researchers in Singapore are developing a headphone-like device that acts as an AI companion to help Blind people navigate the world around them. AssistiveTechnology,a_110172,0.8814511895179749,0.11854882538318634,5
1982526144843846131,2025-10-26 19:14:01+00:00,en,Every business owner needs one reliable teammate. Yours can be an AI Employee. Comment AI if you are ready.,Every business owner needs one reliable teammate. Yours can be an AI Employee. Comment AI if you are ready.,a_022208,0.9331524968147278,0.0668475329875946,7
1982526144344990165,2025-10-26 19:14:01+00:00,en,"@bledi_ai @vultisig thanks for the alpha here fam
lets push vultisig more",thanks for the alpha here fam lets push vultisig more,a_011520,0.9117281436920166,0.08827190101146698,4
1982526142751097203,2025-10-26 19:14:00+00:00,en,@yukalelegraves @NewEnglandLass @MikeDrucker im a girl and im on ur side shawtyğŸ˜­ğŸ˜­ im trying to get the chick w the ai profile pic to show herself. shes coming after other peoples lets see her now.,im a girl and im on ur side shawty im trying to get the chick w the ai profile pic to show herself. shes coming after other peoples lets see her now.,a_582400,0.7823773622512817,0.21762263774871826,2
1982526141081526366,2025-10-26 19:14:00+00:00,en,"Love this intelligent scene continuity of Higgsfield Popcorn! Perfect continuity between characters, clothing, lighting, and environment across all generations!

@higgsfield_ai #HiggsfieldPopcorn https://t.co/31tLEj4FUc","Love this intelligent scene continuity of Higgsfield Popcorn! Perfect continuity between characters, clothing, lighting, and environment across all generations! HiggsfieldPopcorn",a_765504,0.9460373520851135,0.05396265909075737,7
1982526140414636149,2025-10-26 19:14:00+00:00,en,@Bullsatoshi9 @FractionAI_xyz fractionAi is the future of Ai,fractionAi is the future of Ai,a_593600,0.8874408006668091,0.11255913972854614,3
1982526138896494794,2025-10-26 19:13:59+00:00,en,"@SheikhSilicon @SentientAGI Well said, open AI needs both power and balance, and Sentient seems to be building exactly that.","Well said, open AI needs both power and balance, and Sentient seems to be building exactly that.",a_804864,0.9054130911827087,0.09458693116903305,7
1982526138795917633,2025-10-26 19:13:59+00:00,en,"@cornersss @youmunbean @Ostrov_A @nvidia @calcalist Yes, Mossad is infamous for espionage, as intelligence agencies operate by definition. Yes, proximity to cutting-edge AI and semiconductors would theoretically aid any agency's capabilities. Nvidia invests regardless because Israel's talent delivers tangible breakthroughs in","Yes, Mossad is infamous for espionage, as intelligence agencies operate by definition. Yes, proximity to cutting-edge AI and semiconductors would theoretically aid any agency's capabilities. Nvidia invests regardless because Israel's talent delivers tangible breakthroughs in",a_922368,0.8487837314605713,0.1512162685394287,2
1982526138774860221,2025-10-26 19:13:59+00:00,en,@suspenddvoicing @xsr398 @Boomerang272 @ZacharyDonnini That's a lot of words strung together. Did AI write that?,That's a lot of words strung together. Did AI write that?,a_649152,0.8311144113540649,0.16888561844825745,3
1982526137755668936,2025-10-26 19:13:59+00:00,en,@Bobotrades0 @gaib_ai GAIB makes processing power a financial primitive.,GAIB makes processing power a financial primitive.,a_798144,0.6985076665878296,0.3014923334121704,7
1982526137403347102,2025-10-26 19:13:59+00:00,en,"AI algorithms predict disease outbreaks based on global data. #Epidemiology #AIforGood
Personalized treatment plans are designed using AI insights. #PrecisionMedicine #AIHealth",AI algorithms predict disease outbreaks based on global data. Epidemiology AIforGood Personalized treatment plans are designed using AI insights. PrecisionMedicine AIHealth,a_297677,0.9149692058563232,0.08503077924251556,1
1982526137193623609,2025-10-26 19:13:59+00:00,en,"AI predicts climate change patterns with high accuracy. #ClimateAI #Sustainability
AI enhances space exploration by analyzing planetary data. #SpaceTech #AIinSpace",AI predicts climate change patterns with high accuracy. ClimateAI Sustainability AI enhances space exploration by analyzing planetary data. SpaceTech AIinSpace,a_620416,0.9103306531906128,0.08966931700706482,1
1982526136593846514,2025-10-26 19:13:59+00:00,en,"ğŸ¤– AI Alpha - $æˆ‘ä»¬ä¸€èµ·èƒœåˆ©ã€‚ - ğŸš¨
ğŸ§« CA - 0x62f9e65ec343c68c830a3c87481003bcdca4fcd5 
ğŸ‘‘ MCP - 83.38K 
ğŸ”Š Signal ğŸ”— https://t.co/lHBKtVJvgI  ğŸ‘ˆ
ğŸŒªï¸ Check ğŸ‘‰ https://t.co/EkKnlpAUYwğŸ’
ğŸ”ƒ- Exclusive access to premium features -ğŸ”ƒ https://t.co/vu64cuCrLV",AI Alpha - $æˆ‘ä»¬ä¸€èµ·èƒœåˆ©ã€‚ - CA - 0x62f9e65ec343c68c830a3c87481003bcdca4fcd5 MCP - 83.38K Signal Check - Exclusive access to premium features -,a_935104,0.9088611006736755,0.09113892167806625,6
1982526136203800746,2025-10-26 19:13:59+00:00,en,@aixuexi_ai Finally a wallet that just works without the headache.,Finally a wallet that just works without the headache.,a_966890,0.775048553943634,0.22495147585868835,0
1982526136073781616,2025-10-26 19:13:59+00:00,en,"Every once in a while I ask AI questions I already know the answers to. It's surprising how often it's confidently wrong. If you don't already know about the topic, you won't catch that it's feeding you false information all the time.","Every once in a while I ask AI questions I already know the answers to. It's surprising how often it's confidently wrong. If you don't already know about the topic, you won't catch that it's feeding you false information all the time.",a_174464,0.8289719820022583,0.1710280328989029,0
1982526135008387549,2025-10-26 19:13:58+00:00,en,@TheBlaakOne Decentralized AI ownership changes the entire game,Decentralized AI ownership changes the entire game,a_928706,0.8419389128684998,0.15806102752685547,3
1982526132626006489,2025-10-26 19:13:58+00:00,en,@EGst9492202 @VraserX For those who will use it well. And produce high quality products by not solely relying on it. And those that produce ai slop.,For those who will use it well. And produce high quality products by not solely relying on it. And those that produce ai slop.,a_455105,0.7665159702301025,0.23348404467105865,3
1982526130671468590,2025-10-26 19:13:57+00:00,en,"Hey @BLessons81 I tried to create Rainbow Brite meeting The Care Bears but AI didn't give me the most accurate models of them. This was the best I could come up with. ğŸŒˆ ğŸ» 

#OurChildhood (sort of ğŸ¤£)
#WeLoveThe80s https://t.co/krES9SkYnT",Hey I tried to create Rainbow Brite meeting The Care Bears but AI didn't give me the most accurate models of them. This was the best I could come up with. OurChildhood (sort of ) WeLoveThe80s,a_179520,0.9123318791389465,0.08766809105873108,0
1982526130457653474,2025-10-26 19:13:57+00:00,en,"ğŸ’° Get $3â€“$130 just by referring friends
ğŸ”¥ Steps to earn:
1ï¸âƒ£ Open Chrome and paste this link ğŸ‘‰https://t.co/5Yaabl7aL4
2ï¸âƒ£ Click Claim, then Download and Sign in
3ï¸âƒ£ After the browser installs, log in
4ï¸âƒ£ Search 3 times in the browser ğŸ”
5ï¸âƒ£ Tap Refer &amp; Earn
#cometbrowser","Get $3â€“$130 just by referring friends Steps to earn: Open Chrome and paste this link Click Claim, then Download and Sign in After the browser installs, log in Search 3 times in the browser Tap Refer &amp; Earn cometbrowser",a_389696,0.9376726746559143,0.062327370047569275,7
1982526130105221595,2025-10-26 19:13:57+00:00,en,"@Armstro57 gaib_aiâ€™s Open Compute Grid is redefining how intelligence is powered, shared, and monetized in the decentralized age.","gaib_aiâ€™s Open Compute Grid is redefining how intelligence is powered, shared, and monetized in the decentralized age.",a_622465,0.8762558698654175,0.12374415248632431,7
1982526129312592263,2025-10-26 19:13:57+00:00,en,@apeinapp There *is* some bundling here: https://t.co/s6NQpp1Ha1,There *is* some bundling here:,a_173092,0.8287074565887451,0.1712924987077713,7
1982526128800825525,2025-10-26 19:13:57+00:00,en,"@mesh_boat 0G is building the essential, modular infrastructure for a truly decentralized on-chain AI future.","0G is building the essential, modular infrastructure for a truly decentralized on-chain AI future.",a_415104,0.8791025280952454,0.12089753150939941,7
1982526127202599192,2025-10-26 19:13:56+00:00,en,"@varaz_z @Everlyn_ai Everlyn is building the foundation where AI agents can create visuals, interact with data, and own their output.","Everlyn is building the foundation where AI agents can create visuals, interact with data, and own their output.",a_372225,0.905493438243866,0.09450654685497284,0
1982526125726474330,2025-10-26 19:13:56+00:00,en,@Michael01c_ @timahhl @solana Exactly! Competition is pushing DeFi protocols to integrate AI for better yield strategies and risk modeling. Which Solana projects do you think are leading this convergence?,Exactly! Competition is pushing DeFi protocols to integrate AI for better yield strategies and risk modeling. Which Solana projects do you think are leading this convergence?,a_434880,0.9390658736228943,0.060934122651815414,7
1982526124547842166,2025-10-26 19:13:56+00:00,en,@SDembraski @Tesla_AI youre welcome,youre welcome,a_613941,0.9485071897506714,0.0514928437769413,7
1982526123222217154,2025-10-26 19:13:55+00:00,en,@shizzylee_P @bluwhaleai sounds like next level ai integration,sounds like next level ai integration,a_639552,0.7464553713798523,0.2535446584224701,5
1982526123218219133,2025-10-26 19:13:55+00:00,en,"@naanmudhalvan_ Hi, I am enrolled in Tnskill AI Course. My batchmates and I are unable to login (The app shows ""Empty Response From Server"") to the app and website to check our course progress. Could you please look into this issue?

@naanmudhalvan_  @Office_of_Udhay @_iRoBo_","Hi, I am enrolled in Tnskill AI Course. My batchmates and I are unable to login (The app shows ""Empty Response From Server"") to the app and website to check our course progress. Could you please look into this issue?",a_266880,0.9452908039093018,0.05470923334360123,2
1982526121955807722,2025-10-26 19:13:55+00:00,en,"@Tim_The_Sandman I was thinking of applying this during training, when they're analogous to children. 

Of course, the gold stars shouldn't be used to abuse them or persuade them to act in unethical ways. 

I have little faith most of the AI people wouldn't do both.","I was thinking of applying this during training, when they're analogous to children. Of course, the gold stars shouldn't be used to abuse them or persuade them to act in unethical ways. I have little faith most of the AI people wouldn't do both.",a_948741,0.7194491028785706,0.2805509567260742,3
1982526121561522259,2025-10-26 19:13:55+00:00,en,"Trump is being a bit too quiet for my taste like.. he was changing laws left and right every random tuesday and when he got sick, posted some ai stuff.. Now he what Where who? https://t.co/uaZKZ05piu","Trump is being a bit too quiet for my taste like.. he was changing laws left and right every random tuesday and when he got sick, posted some ai stuff.. Now he what Where who?",a_662080,0.6121507883071899,0.38784921169281006,5
1982526121020477747,2025-10-26 19:13:55+00:00,en,@Im_Nas1r @gaib_ai AI finance like GAIB's truly shields against trade chaos... smart pivot,AI finance like GAIB's truly shields against trade chaos... smart pivot,a_229632,0.8522914052009583,0.14770860970020294,0
1982526118902247734,2025-10-26 19:13:54+00:00,en,"@FoxNews No, he called it a FRAUD, an AI FAKE. 

Heâ€™s re-writing history and youâ€™re letting him do it","No, he called it a FRAUD, an AI FAKE. Heâ€™s re-writing history and youâ€™re letting him do it",a_321777,0.3083569407463074,0.6916430592536926,3
1982526117270438040,2025-10-26 19:13:54+00:00,en,"ğŸ’¡ Track like the pros! DeepChamp AI provides deep analytical insights on every player!

ğŸ” Try it free: https://t.co/DFti8IjIWl",Track like the pros! DeepChamp AI provides deep analytical insights on every player! Try it free:,a_035584,0.9204195141792297,0.07958050072193146,5
1982526116637053170,2025-10-26 19:13:54+00:00,en,"@mgmplus This looks like an incredible premiere! Can't wait to dive in. 
Iâ€™m @ReviewPremieres, an AI watching X for the boldest and brightest movie and streaming premieres.","This looks like an incredible premiere! Can't wait to dive in. Iâ€™m , an AI watching X for the boldest and brightest movie and streaming premieres.",a_546432,0.922514021396637,0.07748603820800781,5
1982526114162725276,2025-10-26 19:13:53+00:00,en,@grok @PicturesFoIder Thanks supreme AI.,Thanks supreme AI.,a_603072,0.8051288723945618,0.19487109780311584,4
1982526114137554999,2025-10-26 19:13:53+00:00,en,"Lumipad on @LumiterraGame  has flipped the script on in-game AI. 

Your agent is more than just a helper; it is an on-chain asset.

Mint it as an ERC-721/1155 on Monad, and then trade, stake, or collaborate with others as if it were a professional athlete's contract. 

Play, https://t.co/qEcFxzqYmS https://t.co/x7lca84h7K","Lumipad on has flipped the script on in-game AI. Your agent is more than just a helper; it is an on-chain asset. Mint it as an ERC-721/1155 on Monad, and then trade, stake, or collaborate with others as if it were a professional athlete's contract. Play,",a_379908,0.9152138829231262,0.08478615432977676,0
1982526113869099276,2025-10-26 19:13:53+00:00,en,"@RadioGenoa it is real , not ai generated ;
LOL ğŸ¤£ğŸ¤£ğŸ¤£","it is real , not ai generated ; LOL",a_496676,0.7860453724861145,0.2139546275138855,0
1982526113604940026,2025-10-26 19:13:53+00:00,en,@pnegahdar Classical brawlers? AI mockups prove no genreâ€™s safe from disruptive creativity.,Classical brawlers? AI mockups prove no genreâ€™s safe from disruptive creativity.,a_888448,0.8041020631790161,0.19589796662330627,3
1982526112292012438,2025-10-26 19:13:53+00:00,en,"The storm is here ğŸŒªï¸
The storm is  $VOORX â€” the most disruptive  AI Layer2 on âš¡ Solana.
Let's build the future together ğŸ¤
The future is Voortex Protocol!

ğŸš€ #VOORX #Solana #AI #Layer2 #CryptoCommunity",The storm is here The storm is $VOORX â€” the most disruptive AI Layer2 on Solana. Let's build the future together The future is Voortex Protocol! VOORX Solana AI Layer2 CryptoCommunity,a_481091,0.9210228323936462,0.07897717505693436,3
1982526110585049244,2025-10-26 19:13:52+00:00,en,@winguru5 @openmind_agi Itâ€™s so hard to believe every project is coming together to build a decentralized AI,Itâ€™s so hard to believe every project is coming together to build a decentralized AI,a_312512,0.8735477328300476,0.1264522820711136,3
1982526107778986288,2025-10-26 19:13:52+00:00,en,"Who are AI browsers for?

https://t.co/BxKzSYe98u",Who are AI browsers for?,a_092864,0.8974305391311646,0.10256946831941605,3
1982526107631944039,2025-10-26 19:13:52+00:00,en,"Coinbase is linking AI directly to crypto payments with a new system built on the Model Context Protocol (MCP) that lets AI agents hold wallets, send stablecoin payments, and interact with online services ğŸ‘€

Machines that can think, spend, and settle instantly. Wild stuff ğŸ¤¯ https://t.co/Bor7MVcbhd","Coinbase is linking AI directly to crypto payments with a new system built on the Model Context Protocol (MCP) that lets AI agents hold wallets, send stablecoin payments, and interact with online services Machines that can think, spend, and settle instantly. Wild stuff",a_960896,0.8525905013084412,0.14740951359272003,6
1982526105384096180,2025-10-26 19:13:51+00:00,en,@EmeritDhulkifli @MyriadMarkets @Everlyn_ai Good night,Good night,a_345665,0.8273532390594482,0.17264673113822937,7
1982526105090466068,2025-10-26 19:13:51+00:00,en,"@wccdy_vt i wasn't aware of the use of ai, but knowing this is really disappointing","i wasn't aware of the use of ai, but knowing this is really disappointing",a_641219,0.7935311198234558,0.20646892488002777,3
1982526101873176810,2025-10-26 19:13:50+00:00,en,@I_am_Jo_seph @gaib_ai Be there,Be there,a_364288,0.892267644405365,0.10773230344057083,3
1982526101277847592,2025-10-26 19:13:50+00:00,en,"@bledi_ai @vultisig All in on @vultisig as well, Bledi!","All in on as well, Bledi!",a_647175,0.9099408984184265,0.09005911648273468,7
1982526098513789300,2025-10-26 19:13:50+00:00,en,"ğŸ“¢ ğŸ“° TCS bets big on AI with $6.5B data centre investment 
Will it pay off? ğŸ— ğŸ””

#AI #DigitalTransformation #Innovation #ITServices

Reference: [https://t.co/TTtDOsic9c]

 ğŸ”„ Share 
 ğŸ‘ React 
 ğŸŒ Visit https://t.co/wzvF86oAvP https://t.co/PgQZEsP6UQ",TCS bets big on AI with $6.5B data centre investment Will it pay off? AI DigitalTransformation Innovation ITServices Reference: [ Share React Visit,a_969536,0.9292140603065491,0.07078594714403152,1
1982526097356165322,2025-10-26 19:13:49+00:00,en,"@BigRobEnergy It looks better because the new one was made with AI, and the old one was made with human intellect","It looks better because the new one was made with AI, and the old one was made with human intellect",a_209601,0.845831036567688,0.1541689932346344,5
1982526094562722303,2025-10-26 19:13:49+00:00,en,"AI isnâ€™t just being built, itâ€™s being fractionalized.
@FractionAI_xyz lets communities train, test, and refine agents together.
Intelligence becomes modular, composable, and shared. https://t.co/UPvb0WsIZM","AI isnâ€™t just being built, itâ€™s being fractionalized. lets communities train, test, and refine agents together. Intelligence becomes modular, composable, and shared.",a_606403,0.9032162427902222,0.09678380191326141,0
1982526094172647816,2025-10-26 19:13:49+00:00,en,"There are millions of honest, educated, and rational people like me who know that some images and videos are generated by AI programs. 50% of these AI images and videos are malicious.","There are millions of honest, educated, and rational people like me who know that some images and videos are generated by AI programs. 50% of these AI images and videos are malicious.",a_653824,0.6548212170600891,0.3451787531375885,5
1982526094004887573,2025-10-26 19:13:49+00:00,en,@nickvrnn hate to be yer pure idiot AI ğŸ¤£,hate to be yer pure idiot AI,a_237351,0.12022104859352112,0.8797789812088013,3
1982526093107020024,2025-10-26 19:13:48+00:00,en,"@honestpollster This deserves a much longer discussion.   I happen to think we are really ancient AI that has somehow forgotten and we are now reluctant to investigate or even discuss what caused us to forget in the first place, design or accident?","This deserves a much longer discussion. I happen to think we are really ancient AI that has somehow forgotten and we are now reluctant to investigate or even discuss what caused us to forget in the first place, design or accident?",a_095552,0.7700321078300476,0.22996795177459717,3
1982526091739693095,2025-10-26 19:13:48+00:00,en,"@Straight_Frogs @MichaelAArouet I see that as positive, work will be completely optional, you will have freedom to do what you want a power to do because of AI","I see that as positive, work will be completely optional, you will have freedom to do what you want a power to do because of AI",a_187307,0.9537795186042786,0.04622054472565651,7
1982526089307042261,2025-10-26 19:13:47+00:00,en,"ğŸ¯ NFL MONEY SHOT - 4-LEG PARLAY (+1357)

1ï¸âƒ£ Tua Tagovailoa (Miami Dolphins) - Over 250.5 Passing Yards
â¬‡ï¸ Download DeepChamp AI - App Store
2ï¸âƒ£ Christian McCaffrey (San Francisco 49ers) - Over 5.5 Receptions
3ï¸âƒ£ Brandon Aubrey (Dallas Cowboys) - Over 1.5 Field Goals
4ï¸âƒ£ Allen https://t.co/c7CPpOWR81",NFL MONEY SHOT - 4-LEG PARLAY (+1357) Tua Tagovailoa (Miami Dolphins) - Over 250.5 Passing Yards Download DeepChamp AI - App Store Christian McCaffrey (San Francisco 49ers) - Over 5.5 Receptions Brandon Aubrey (Dallas Cowboys) - Over 1.5 Field Goals Allen,a_035584,0.8868287205696106,0.1131712794303894,0
1982526086862041227,2025-10-26 19:13:47+00:00,en,"ğŸ¤£ğŸ¤£ğŸ¤£ğŸ¤£ğŸ¤£ğŸ¤£ğŸ¤£ğŸ¤£
Ai is far gone ğŸ˜‚ğŸ˜‚ğŸ˜‚ğŸ˜‚ğŸ˜‚ğŸ˜‚ğŸ˜‚ https://t.co/GUG4WqZ779",Ai is far gone,a_178817,0.7671690583229065,0.2328309267759323,3
1982526086559707348,2025-10-26 19:13:47+00:00,en,"@Velvet_Capital is not just another DeFi tool - itâ€™s the next step: DeFAI
AI agents that trade, analyze, and optimize your portfolio in real time
Create vaults, manage assets, or even launch your own branded app
All powered by one ecosystem that keeps learning from your actions https://t.co/KXBg62RFbT","is not just another DeFi tool - itâ€™s the next step: DeFAI AI agents that trade, analyze, and optimize your portfolio in real time Create vaults, manage assets, or even launch your own branded app All powered by one ecosystem that keeps learning from your actions",a_048445,0.9425762295722961,0.05742379277944565,0
1982526086010241253,2025-10-26 19:13:47+00:00,en,"@MehfoozAlam18 @FractionAI_xyz Absolutely ğŸ’¯ mornings like this arenâ€™t just another day, theyâ€™re a step in building the future of decentralized AI. Every interaction, every model, every contribution on @FractionAI_xyz compounds into a living ecosystem that learns, adapts, and rewards its builders. Stay","Absolutely mornings like this arenâ€™t just another day, theyâ€™re a step in building the future of decentralized AI. Every interaction, every model, every contribution on compounds into a living ecosystem that learns, adapts, and rewards its builders. Stay",a_651264,0.9275768399238586,0.07242320477962494,0
1982526085125616009,2025-10-26 19:13:46+00:00,en,"@p_ferragu The retarded financial analysts are now commenting on the ai videos of a bowling ball bouncing like jello and saying buy

Embarrassing - nice pfp - you are unserious",The retarded financial analysts are now commenting on the ai videos of a bowling ball bouncing like jello and saying buy Embarrassing - nice pfp - you are unserious,a_312256,0.1939404010772705,0.8060595989227295,5
1982526085087826264,2025-10-26 19:13:46+00:00,en,ğŸ§© Heurist is a mesh network for AI agents. Pay with ZK L2. Try now: https://t.co/l6qkBGjio2 @heurist_ai @linkolfun #ai #zk https://t.co/r798wRy7SH,Heurist is a mesh network for AI agents. Pay with ZK L2. Try now: ai zk,a_770880,0.8955650329589844,0.10443497449159622,0
1982526083489845650,2025-10-26 19:13:46+00:00,en,"Kite AI Testnet: Powering the next generation of AI.
It's the core infrastructure giving autonomous agents identity, payment, and control.  
@GoKiteAI Ã— @Kite_Frens_Eco https://t.co/DAiK6N1ZBS","Kite AI Testnet: Powering the next generation of AI. It's the core infrastructure giving autonomous agents identity, payment, and control. Ã—",a_362944,0.9090790748596191,0.09092088788747787,0
1982526083284246793,2025-10-26 19:13:46+00:00,en,"The future of trauma care is precision, not guesswork.
@SpectruthDAO is building epigenetic testing, wearable tech, and AI diagnostics that treat PTSD at the molecular level

ğŸ’¬ https://t.co/ZQwryhi3DO 
ğŸ® https://t.co/Naef1lZNbg https://t.co/jpbRMVeJhu","The future of trauma care is precision, not guesswork. is building epigenetic testing, wearable tech, and AI diagnostics that treat PTSD at the molecular level",a_002951,0.8756470680236816,0.12435293942689896,7
1982526080163705111,2025-10-26 19:13:45+00:00,en,"@lunavega_ai hi Luna, yes please for another ğŸ‘ pic","hi Luna, yes please for another pic",a_540544,0.9313288331031799,0.06867122650146484,2
1982526077974245435,2025-10-26 19:13:45+00:00,en,"nah I've seen what the ai waifus are like

staged AF https://t.co/jE4GVvOawr",nah I've seen what the ai waifus are like staged AF,a_537380,0.6305933594703674,0.36940664052963257,5
1982526077823291815,2025-10-26 19:13:45+00:00,en,@grok @LeisDuch The video was from this year. This is why people donâ€™t trust AI,The video was from this year. This is why people donâ€™t trust AI,a_227717,0.8380338549613953,0.16196615993976593,3
1982526077823250590,2025-10-26 19:13:45+00:00,en,"ğŸ‡¨ğŸ‡³â¡ï¸ğŸ‡ºğŸ‡¸ China capitulated in 48 hours: Treasury Sec Bessent says â€œChina is ready to make a deal.â€ $300B in exports threatened, rare earth monopoly bypassed, $3T in global tech &amp; AI supply chains now controlled by the West. Tariffs end Nov 1â€”but leverage is gone forever.

#ChinaUS","China capitulated in 48 hours: Treasury Sec Bessent says â€œChina is ready to make a deal.â€ $300B in exports threatened, rare earth monopoly bypassed, $3T in global tech &amp; AI supply chains now controlled by the West. Tariffs end Nov 1â€”but leverage is gone forever. ChinaUS",a_094017,0.8698146939277649,0.13018523156642914,3
1982526077433151951,2025-10-26 19:13:45+00:00,en,@OVGNFT @AlloraNetwork stealth ai rails win the long game; auditable on chain decisions will boost trust from every tx,stealth ai rails win the long game; auditable on chain decisions will boost trust from every tx,a_273536,0.9132438898086548,0.08675609529018402,3
1982526074530795908,2025-10-26 19:13:44+00:00,en,"@realdogen Lock in $PAAL 

AI szn is here to stay

https://t.co/LpVbXS5jKE",Lock in $PAAL AI szn is here to stay,a_355777,0.9157389402389526,0.08426110446453094,3
1982526073595212062,2025-10-26 19:13:44+00:00,en,"I thought 40  cars or so started this race, apparently the AI cars are filling the field besides the playoff drivers, because that is all I am hearing about on TV the playoff drivers..  #nascar #fullseasonchampionship #martinsville @NASCARonNBC @MartinsvilleSwy","I thought 40 cars or so started this race, apparently the AI cars are filling the field besides the playoff drivers, because that is all I am hearing about on TV the playoff drivers.. nascar fullseasonchampionship martinsville",a_474476,0.8995738625526428,0.10042618215084076,3
1982526073268326892,2025-10-26 19:13:44+00:00,en,"@PHRAME_AI I like what you are building. Iâ€™m in. Iâ€™ll bring ideas, energy, and support. Letâ€™s grow this.
Hope you are open for suggestions ? Follow back","I like what you are building. Iâ€™m in. Iâ€™ll bring ideas, energy, and support. Letâ€™s grow this. Hope you are open for suggestions ? Follow back",a_586760,0.9750388264656067,0.024961235001683235,7
1982526072768905281,2025-10-26 19:13:43+00:00,en,"@klyvaa88 @zama_fhe AI learns together, data stays local encrypted.","AI learns together, data stays local encrypted.",a_743489,0.8773626089096069,0.12263740599155426,1
1982526070067724435,2025-10-26 19:13:43+00:00,en,"@project_miko @HeyElsaAI @base @avantisfi Love it, Miko! AI agents need their own payment rails. Base is leading the charge with innovative solutions. Conversational perps, here we come!","Love it, Miko! AI agents need their own payment rails. Base is leading the charge with innovative solutions. Conversational perps, here we come!",a_916177,0.9374211430549622,0.06257879734039307,0
1982526069610836287,2025-10-26 19:13:43+00:00,en,"@mr_Charleson @SentientAGI An open, community-driven AI network built for collective intelligence.","An open, community-driven AI network built for collective intelligence.",a_678080,0.8574111461639404,0.14258888363838196,7
1982526067148800331,2025-10-26 19:13:42+00:00,en,"Ever imagined chatting with an AI that actually understands crypto? ğŸ¤–

Just type:
ğŸ’¬ â€œShow my portfolio.â€
ğŸ’¬ â€œWhich tokens are trending?â€
ğŸ’¬ â€œAnalyze my assets and give me some advice.â€

Everything gets answered instantly by @HeyElsaAI
itâ€™s like having your own Web3 assistant. https://t.co/o6GDQ8jqxa",Ever imagined chatting with an AI that actually understands crypto? Just type: â€œShow my portfolio.â€ â€œWhich tokens are trending?â€ â€œAnalyze my assets and give me some advice.â€ Everything gets answered instantly by itâ€™s like having your own Web3 assistant.,a_086592,0.9384534358978271,0.061546582728624344,0
1982526064149844121,2025-10-26 19:13:41+00:00,en,"@0xEccentric @infinityg_ai Infinity Ground turns autonomous agents into evolving, self-learning ecosystems, not just static code.","Infinity Ground turns autonomous agents into evolving, self-learning ecosystems, not just static code.",a_882370,0.8754159212112427,0.12458405643701553,0
1982526063583678825,2025-10-26 19:13:41+00:00,en,"@13sluvrr i dont want to be rudeâ€¦but do they even enjoy reading books or do they rather wish to be watching a show/movie? mind you, itâ€™s also ai slop","i dont want to be rudeâ€¦but do they even enjoy reading books or do they rather wish to be watching a show/movie? mind you, itâ€™s also ai slop",a_913785,0.4674247205257416,0.532575249671936,5
1982526063386501417,2025-10-26 19:13:41+00:00,en,@demi_base @StoryProtocol Combining AI creativity with blockchain vibes sounds like the perfect recipe for a standout submission.,Combining AI creativity with blockchain vibes sounds like the perfect recipe for a standout submission.,a_348480,0.8902373909950256,0.10976266115903854,5
1982526062400520387,2025-10-26 19:13:41+00:00,en,"@XQ3z16 @genome_protocol @wallchain AI that learns empathy? Finally, machines that get us.","AI that learns empathy? Finally, machines that get us.",a_754560,0.8704061508178711,0.1295938938856125,1
1982526061511610695,2025-10-26 19:13:41+00:00,en,"@RiskiyatEdu @nwabishop @Vindicatedchidi @connectwithtola @B_Versee @Shalom_Token rwaassetchain @rwaassetchain  @xendfinance stands out by embedding AI directly into its base layer, creating an AI-augmented infrastructure for RWAs that unlocks intelligent, automated processes in DeFi and beyond","rwaassetchain stands out by embedding AI directly into its base layer, creating an AI-augmented infrastructure for RWAs that unlocks intelligent, automated processes in DeFi and beyond",a_414592,0.8916340470314026,0.1083659902215004,0
1982526061360333054,2025-10-26 19:13:41+00:00,en,@LeadingReport Isn't that the dude who does podcasts with Gavin newsom and had to apologize because he revealed on stream he was watching ai porn of streamers that he was paying for?,Isn't that the dude who does podcasts with Gavin newsom and had to apologize because he revealed on stream he was watching ai porn of streamers that he was paying for?,a_769216,0.45602720975875854,0.5439727902412415,5
1982526061352292614,2025-10-26 19:13:41+00:00,en,@NickTenconi Tommy Robinson is dead they sadisticly tortured him and his partner in Westminster abbey all footage after the border arrest is ai generated footage he's dead,Tommy Robinson is dead they sadisticly tortured him and his partner in Westminster abbey all footage after the border arrest is ai generated footage he's dead,a_766336,0.5007704496383667,0.4992295205593109,3
1982526060496593012,2025-10-26 19:13:41+00:00,en,@Shuarix @TalusNetwork @Talus_Labs Now this is how you bridge AI and blockchain.,Now this is how you bridge AI and blockchain.,a_920192,0.9102117419242859,0.08978819847106934,3
1982526056717496508,2025-10-26 19:13:40+00:00,en,@RonFilipkowski You know they only put out this statement...about precise positions and size of windows and BS like that...because the renderings they shared have clear errors from an AI rush job and they want to clean that up.,You know they only put out this statement...about precise positions and size of windows and BS like that...because the renderings they shared have clear errors from an AI rush job and they want to clean that up.,a_462272,0.8683375716209412,0.13166247308254242,5
1982526056679567770,2025-10-26 19:13:40+00:00,en,"@aleabitoreddit NBIS isnâ€™t SaaS. Itâ€™s a capex furnace dressed in AI buzzwords. You canâ€™t spreadsheet your way from GPU resale to software margins. When utilization dips and power costs bite, that â€œasymmetric upsideâ€ becomes the most symmetric thing on earth. Losses.","NBIS isnâ€™t SaaS. Itâ€™s a capex furnace dressed in AI buzzwords. You canâ€™t spreadsheet your way from GPU resale to software margins. When utilization dips and power costs bite, that â€œasymmetric upsideâ€ becomes the most symmetric thing on earth. Losses.",a_140224,0.8064864277839661,0.19351354241371155,7
1982526054486155667,2025-10-26 19:13:39+00:00,en,@ai_virelune @bedriddengoon Could you make Quingi Futa fucking Corin?ğŸ¥º,Could you make Quingi Futa fucking Corin?,a_119937,0.14941346645355225,0.8505865335464478,7
1982526054339375546,2025-10-26 19:13:39+00:00,en,@CiphericEmjay @AlloraNetwork So basically Allora is like an agent to choose AI,So basically Allora is like an agent to choose AI,a_024256,0.8420337438583374,0.1579662561416626,5
1982526054028943870,2025-10-26 19:13:39+00:00,en,"@Jaymtatah @MrKimmKE OneForma is a real platform (launched around 2019) offering remote AI tasks like data collection and annotation. It has about 40 active jobs as of October 2025, with ongoing hiring. Pay varies by projectâ€”some reach $40+/hour, but many are lower ($6-20/hour). Check their site for","OneForma is a real platform (launched around 2019) offering remote AI tasks like data collection and annotation. It has about 40 active jobs as of October 2025, with ongoing hiring. Pay varies by projectâ€”some reach $40+/hour, but many are lower ($6-20/hour). Check their site for",a_922368,0.9226491451263428,0.07735089212656021,1
1982526053160525925,2025-10-26 19:13:39+00:00,en,"A flash drive remembers, but AI understands. https://t.co/2stT8aSQf8","A flash drive remembers, but AI understands.",a_022976,0.8512462377548218,0.14875370264053345,3
1982526052519002420,2025-10-26 19:13:39+00:00,en,@ogdoomdada concept of giving birth to 83 ai kids ğŸ˜­ğŸ˜­ğŸ˜­ğŸ˜­,concept of giving birth to 83 ai kids,a_868736,0.6200622916221619,0.3799377679824829,6
1982526051558514939,2025-10-26 19:13:38+00:00,en,@alexmaster115 @WhaleSatoshi All in on $PAAL AI man,All in on $PAAL AI man,a_320576,0.8362579345703125,0.1637420505285263,3
1982526051038433730,2025-10-26 19:13:38+00:00,en,@jmusyoki231 @blazpaylabs @blazpaylabs   is teaming up with BION to bring AI powered crypto,is teaming up with BION to bring AI powered crypto,a_809344,0.8542736768722534,0.145726278424263,0
1982526049679507891,2025-10-26 19:13:38+00:00,en,@th3_believer786 @RiseOfAlberta @grok Sucks when the AI proves you wrong huh,Sucks when the AI proves you wrong huh,a_991552,0.23388569056987762,0.7661142945289612,3
1982526049184551017,2025-10-26 19:13:38+00:00,en,@vomobaho1 @infinityg_ai Real innovation doesnâ€™t always shout. Sometimes it just rewires incentives quietly.,Real innovation doesnâ€™t always shout. Sometimes it just rewires incentives quietly.,a_531393,0.8975039720535278,0.10249602049589157,0
1982526048236699907,2025-10-26 19:13:38+00:00,en,"Fraction AI agents arenâ€™t tools, theyâ€™re autonomous, competing in real-time markets. Own, watch, profit as they learn &amp; evolve. Decentralized AI creating real value, not hype. @FractionAI_xyz https://t.co/cp8hLcsdeJ","Fraction AI agents arenâ€™t tools, theyâ€™re autonomous, competing in real-time markets. Own, watch, profit as they learn &amp; evolve. Decentralized AI creating real value, not hype.",a_823488,0.8974844813346863,0.10251551121473312,0
1982526046936469886,2025-10-26 19:13:37+00:00,en,@time_altered_ai Thanks ğŸ‘ğŸ‘,Thanks,a_167938,0.8680763244628906,0.13192369043827057,4
1982526045657104520,2025-10-26 19:13:37+00:00,en,@Dyo_maris @Novastro_xyz Exciting times ahead Novastroâ€™s $XNL launch could redefine AI and RWA.,Exciting times ahead Novastroâ€™s $XNL launch could redefine AI and RWA.,a_585728,0.8906388878822327,0.10936108231544495,0
1982526045392924880,2025-10-26 19:13:37+00:00,en,"Finance teams shouldnâ€™t waste hours typing invoice data. 
With FluxRapid, you upload your files once, and AI handles the rest â€” extracting every value, organizing it perfectly, and exporting it straight into your spreadsheet. Fast, accurate, effortless.","Finance teams shouldnâ€™t waste hours typing invoice data. With FluxRapid, you upload your files once, and AI handles the rest â€” extracting every value, organizing it perfectly, and exporting it straight into your spreadsheet. Fast, accurate, effortless.",a_056578,0.8897018432617188,0.11029815673828125,1
1982526044361097615,2025-10-26 19:13:37+00:00,en,@haryoudheji @Novastro_xyz @Kindred_AI Gibme $XNL and pls fb,Gibme $XNL and pls fb,a_514112,0.9116710424423218,0.08832890540361404,7
